{
  "ctx/language" : "de",
  "ctx/territory" : "US",
  "ctx/composer_name" : "Silvia Blake",
  "ctx/id_namespace" : "HOSPITAL-NS",
  "ctx/id_scheme" : "HOSPITAL-NS",
  "ctx/participation_name" : "Dr. Marcus Johnson",
  "ctx/participation_function" : "requester",
  "ctx/participation_mode" : "face-to-face communication",
  "ctx/participation_id" : "199",
  "ctx/participation_name:1" : "Lara Markham",
  "ctx/participation_function:1" : "performer",
  "ctx/participation_id:1" : "198",
  "ctx/health_care_facility|name" : "Hospital",
  "ctx/health_care_facility|id" : "9091",
  "csv_export_test/context/personenidentifizierer/pid:0" : "3af048c0-34e2-409b-acf6-ee538a99cdc5",
  "csv_export_test/context/personenidentifizierer/pid:0|issuer" : "Issuer",
  "csv_export_test/context/personenidentifizierer/pid:0|assigner" : "Assigner",
  "csv_export_test/context/personenidentifizierer/pid:0|type" : "Prescription",
  "csv_export_test/context/personenidentifizierer/geografischer_geltungsbereich:0|code" : "at0010",
  "csv_export_test/context/fallidentifikation/fallnr" : "FALLNR 22",
  "csv_export_test/context/name/name_strukturiert/patienten_vornamen" : "Patienten_Vornamen 63",
  "csv_export_test/context/name/name_strukturiert/patienten_nachname" : "Patienten_Nachname 72",
  "csv_export_test/context/gechlecht/patienten_geschlecht" : "unbekannt",
  "csv_export_test/context/daten_zur_geburt/patienten_geburtsdatum" : "2020-07-16",
  "csv_export_test/context/adresse/adresse:0/art|code" : "at0011",
  "csv_export_test/context/adresse/adresse:0/strukturierte_adresse/ort:0" : "ORT 71",
  "csv_export_test/context/adresse/adresse:0/strukturierte_adresse/land:0" : "Land 35",
  "csv_export_test/context/adresse/adresse:0/patienten_plz" : "Patienten_PLZ 75",
  "csv_export_test/alter/patientenalter" : "P3DT9H45M",
  "csv_export_test/diagnose/diagnose/primaertumor_icd_code" : "Primaertumor_ICD_Code 30",
  "csv_export_test/diagnose/diagnose/primaertumor_diagnosetext" : "Primaertumor_Diagnosetext 46",
  "csv_export_test/diagnose/diagnose/diagnosedatum" : "2020-07-16T12:52:19.197028+02:00",
  "csv_export_test/diagnose/diagnose/codesystem_icd/primaertumor_icd_version" : "Primaertumor_ICD_Version 99",
  "csv_export_test/diagnose/diagnose/tumorklassifikation_icd-o/primaertumor_topographie_icd_o" : "Primaertumor_Topographie_ICD_O 13",
  "csv_export_test/diagnose/diagnose/tumorklassifikation_icd-o/primaertumor_topographie_icd_o_freitext" : "Primaertumor_Topographie_ICD_O_Freitext 35",
  "csv_export_test/diagnose/diagnose/codesystem_icd-o/primaertumor_topographie_icd_o_version" : "Primaertumor_Topographie_ICD_O_Version 45",
  "csv_export_test/diagnose/diagnose/tumor_diagnosesicherung/diagnosesicherung|code" : "at0098",
  "csv_export_test/diagnose/diagnose/diagnose_anmerkung" : "Diagnose_Anmerkung 22",
  "csv_export_test/diagnose/fruehere_tumorerkrankung/icd_code" : "ICD_Code 18",
  "csv_export_test/diagnose/fruehere_tumorerkrankung/fruehere_tumorerkrankung_freitext" : "Fruehere_Tumorerkrankung Freitext 61",
  "csv_export_test/diagnose/fruehere_tumorerkrankung/diagnosedatum" : "2020-07-16T12:52:19.197124+02:00",
  "csv_export_test/diagnose/fruehere_tumorerkrankung/codesystem_icd/icd_version" : "ICD_Version 95",
  "csv_export_test/histologie_tnm/histologie/jedes_ereignis:0/labortest-bezeichnung" : "Labortest-Bezeichnung 47",
  "csv_export_test/histologie_tnm/histologie/jedes_ereignis:0/tumor_histologiedatum" : "2020-07-16T12:52:19.197165+02:00",
  "csv_export_test/histologie_tnm/histologie/jedes_ereignis:0/morphologie/morphologie_kode_icd-o" : "Morphologie Kode ICD-O 49",
  "csv_export_test/histologie_tnm/histologie/jedes_ereignis:0/morphologie/morphologie_freitext" : "Morphologie_Freitext 93",
  "csv_export_test/histologie_tnm/histologie/jedes_ereignis:0/histologie_grading/grading|code" : "at0010",
  "csv_export_test/histologie_tnm/histologie/jedes_ereignis:0/lymphknotenmetastasen/lk_untersucht" : 173,
  "csv_export_test/histologie_tnm/histologie/jedes_ereignis:0/lymphknotenmetastasen/lk_befallen" : 376,
  "csv_export_test/histologie_tnm/histologie/jedes_ereignis:0/codesystem/morphologie_icd_o_version" : "Morphologie_ICD_O_Version 49",
  "csv_export_test/histologie_tnm/histologie/histologie_id/identifier_value" : "180e6745-b64d-4403-964b-44ef6ec1a929",
  "csv_export_test/histologie_tnm/histologie/histologie_id/identifier_value|issuer" : "Issuer",
  "csv_export_test/histologie_tnm/histologie/histologie_id/identifier_value|assigner" : "Assigner",
  "csv_export_test/histologie_tnm/histologie/histologie_id/identifier_value|type" : "Prescription",
  "csv_export_test/histologie_tnm/histologie/details_der_testanforderung:0/histologie_einsendenr/identifier_value" : "a2963931-657f-4b72-b7ce-d3b96bb8bcb1",
  "csv_export_test/histologie_tnm/histologie/details_der_testanforderung:0/histologie_einsendenr/identifier_value|issuer" : "Issuer",
  "csv_export_test/histologie_tnm/histologie/details_der_testanforderung:0/histologie_einsendenr/identifier_value|assigner" : "Assigner",
  "csv_export_test/histologie_tnm/histologie/details_der_testanforderung:0/histologie_einsendenr/identifier_value|type" : "Prescription",
  "csv_export_test/histologie_tnm/fernmetastase/name_des_problems_der_diagnose" : "Fernmetastase",
  "csv_export_test/histologie_tnm/fernmetastase/fm_lokalisation:0" : "OTH",
  "csv_export_test/histologie_tnm/fernmetastase/fm_diagnosedatum" : "2020-07-16T12:52:19.197241+02:00",
  "csv_export_test/histologie_tnm/ctnm/name_des_problems_der_diagnose" : "Name des Problems/ der Diagnose 66",
  "csv_export_test/histologie_tnm/ctnm/tnm_datum" : "2020-07-16T12:52:19.197281+02:00",
  "csv_export_test/histologie_tnm/ctnm/klinische_tnm-klassifikation:0/tnm_t" : "TNM_T 63",
  "csv_export_test/histologie_tnm/ctnm/klinische_tnm-klassifikation:0/tnm_n" : "TNM_N 44",
  "csv_export_test/histologie_tnm/ctnm/klinische_tnm-klassifikation:0/tnm_m" : "TNM_M 84",
  "csv_export_test/histologie_tnm/ctnm/klinische_tnm-klassifikation:0/r-klassifikation|code" : "at0011",
  "csv_export_test/histologie_tnm/ctnm/klinische_tnm-klassifikation:0/tnm_l|code" : "at0015",
  "csv_export_test/histologie_tnm/ctnm/klinische_tnm-klassifikation:0/tnm_v|code" : "at0017",
  "csv_export_test/histologie_tnm/ctnm/klinische_tnm-klassifikation:0/tnm_pn|code" : "at0023",
  "csv_export_test/histologie_tnm/ctnm/klinische_tnm-klassifikation:0/tnm_m_symbol/count_value" : 9,
  "csv_export_test/histologie_tnm/ctnm/klinische_tnm-klassifikation:0/tnm_y_symbol" : true,
  "csv_export_test/histologie_tnm/ctnm/klinische_tnm-klassifikation:0/tnm_r_symbol" : true,
  "csv_export_test/histologie_tnm/ctnm/klinische_tnm-klassifikation:0/tnm_a_symbol" : true,
  "csv_export_test/histologie_tnm/ctnm/klinische_tnm-klassifikation:0/tnm_version" : "TNM_Version 56",
  "csv_export_test/histologie_tnm/ptnm/name_des_problems_der_diagnose" : "Name des Problems/ der Diagnose 84",
  "csv_export_test/histologie_tnm/ptnm/tnm_datum" : "2020-07-16T12:52:19.197332+02:00",
  "csv_export_test/histologie_tnm/ptnm/pathologische_tnm-klassifikation/tnm_t" : "TNM_T 83",
  "csv_export_test/histologie_tnm/ptnm/pathologische_tnm-klassifikation/tnm_n" : "TNM_N 82",
  "csv_export_test/histologie_tnm/ptnm/pathologische_tnm-klassifikation/tnm_m" : "TNM_M 14",
  "csv_export_test/histologie_tnm/ptnm/pathologische_tnm-klassifikation/histopathologisches_grading_g" : "Histopathologisches Grading (G) 90",
  "csv_export_test/histologie_tnm/ptnm/pathologische_tnm-klassifikation/r-klassifikation|code" : "at0011",
  "csv_export_test/histologie_tnm/ptnm/pathologische_tnm-klassifikation/tnm_l|code" : "at0013",
  "csv_export_test/histologie_tnm/ptnm/pathologische_tnm-klassifikation/tnm_v|code" : "at0017",
  "csv_export_test/histologie_tnm/ptnm/pathologische_tnm-klassifikation/tnm_pn|code" : "at0023",
  "csv_export_test/histologie_tnm/ptnm/pathologische_tnm-klassifikation/tnm_m_symbol/count_value" : 7,
  "csv_export_test/histologie_tnm/ptnm/pathologische_tnm-klassifikation/tnm_y_symbol" : true,
  "csv_export_test/histologie_tnm/ptnm/pathologische_tnm-klassifikation/tnm_r_symbol" : true,
  "csv_export_test/histologie_tnm/ptnm/pathologische_tnm-klassifikation/tnm_a_symbol" : true,
  "csv_export_test/histologie_tnm/ptnm/pathologische_tnm-klassifikation/tnm_version" : "TNM_Version 95",
  "csv_export_test/weitere_klassifikation_allgemeinzustand/weitere_klassifikation/name_des_problems_der_diagnose" : "Name des Problems/ der Diagnose 19",
  "csv_export_test/weitere_klassifikation_allgemeinzustand/weitere_klassifikation/weitere_tumorklassifikation/weitere_klassifikationen_name" : "Weitere_Klassifikationen_Name 11",
  "csv_export_test/weitere_klassifikation_allgemeinzustand/weitere_klassifikation/weitere_tumorklassifikation/weitere_klassifikationen_stadium" : "Weitere_Klassifikationen_Stadium 97",
  "csv_export_test/weitere_klassifikation_allgemeinzustand/weitere_klassifikation/weitere_tumorklassifikation/weitere_klassifikationen_datum" : "2020-07-16",
  "csv_export_test/weitere_klassifikation_allgemeinzustand/ecog_performance_status/beliebiges_ereignis:0/ecog|code" : "at0006",
  "csv_export_test/weitere_klassifikation_allgemeinzustand/ecog_performance_status/beliebiges_ereignis:0/ecog|value" : "Symptomatisch, vollkommen gehfähig",
  "csv_export_test/weitere_klassifikation_allgemeinzustand/ecog_performance_status/beliebiges_ereignis:0/ecog|ordinal" : 0,
  "csv_export_test/weitere_klassifikation_allgemeinzustand/karnofsky_index/karnofsky_index|code" : "at0013",
  "csv_export_test/weitere_klassifikation_allgemeinzustand/karnofsky_index/karnofsky_index|value" : "Eingeschränkt Leistungsfähig",
  "csv_export_test/weitere_klassifikation_allgemeinzustand/karnofsky_index/karnofsky_index|ordinal" : 0,
  "csv_export_test/op/op/name_der_prozedur" : "Operation",
  "csv_export_test/op/op/ops/op_ops" : "OP_OPS 20",
  "csv_export_test/op/op/ops/op_op_ops_version" : "OP/OP_OPS_Version 78",
  "csv_export_test/op/op/operative_resektionsränder/lokale_beurteilung_residualstatus" : "Lokale_Beurteilung_Residualstatus 62",
  "csv_export_test/op/op/op_komplikation:0" : "Tumor-Perfusion",
  "csv_export_test/op/op/op_datum" : "2020-07-16T12:52:19.197429+02:00",
  "csv_export_test/op/op/op_intention:0" : "R = Revision/Komplikation",
  "csv_export_test/op/op/op_anmerkung" : "OP_Anmerkung 37",
  "csv_export_test/op/op/op_id/text_value" : "OP_ID 44",
  "csv_export_test/op/op/time" : "2020-07-16T12:52:19.19747+02:00",
  "csv_export_test/strahlentherapie/strahlentherapie/name_der_prozedur" : "STRAHLENTHERAPIE",
  "csv_export_test/strahlentherapie/strahlentherapie/ops/op_ops" : "OP_OPS 24",
  "csv_export_test/strahlentherapie/strahlentherapie/ops/op_op_ops_version" : "OP/OP_OPS_Version 86",
  "csv_export_test/strahlentherapie/strahlentherapie/operative_resektionsränder/lokale_beurteilung_residualstatus" : "Lokale_Beurteilung_Residualstatus 22",
  "csv_export_test/strahlentherapie/strahlentherapie/st_stellung_op/st_stellung_op|code" : "at0007",
  "csv_export_test/strahlentherapie/strahlentherapie/bestrahlung:0/anatomische_lokalisation/st_zielgebiet" : "ST_Zielgebiet 6",
  "csv_export_test/strahlentherapie/strahlentherapie/bestrahlung:0/anatomische_lokalisation/st_seite_zielgebiet" : "Beudes",
  "csv_export_test/strahlentherapie/strahlentherapie/bestrahlung:0/st_beginn_datum" : "2020-07-16T12:52:19.197514+02:00",
  "csv_export_test/strahlentherapie/strahlentherapie/bestrahlung:0/st_ende_datum" : "2020-07-16T12:52:19.197548+02:00",
  "csv_export_test/strahlentherapie/strahlentherapie/bestrahlung:0/st_applikationsart:0" : "ST_Applikationsart 48",
  "csv_export_test/strahlentherapie/strahlentherapie/bestrahlung:0/einzeldosis/st_einzeldosis_dosis|magnitude" : 258.31,
  "csv_export_test/strahlentherapie/strahlentherapie/bestrahlung:0/einzeldosis/st_einzeldosis_dosis|unit" : "1",
  "csv_export_test/strahlentherapie/strahlentherapie/bestrahlung:0/einzeldosis/st_einzeldosis_einheit|code" : "at0010",
  "csv_export_test/strahlentherapie/strahlentherapie/bestrahlung:0/gesamtdosis/st_einzeldosis_dosis|magnitude" : 435.24,
  "csv_export_test/strahlentherapie/strahlentherapie/bestrahlung:0/gesamtdosis/st_einzeldosis_dosis|unit" : "1",
  "csv_export_test/strahlentherapie/strahlentherapie/bestrahlung:0/gesamtdosis/st_gesamtdosis_einheit|code" : "at0046",
  "csv_export_test/strahlentherapie/strahlentherapie/st_nebenwirkungen/st_nebenwirkungen_art" : "ST_Nebenwirkungen_Art 24",
  "csv_export_test/strahlentherapie/strahlentherapie/st_nebenwirkungen/st_nebenwirkungen_version" : "ST_Nebenwirkungen_Version 51",
  "csv_export_test/strahlentherapie/strahlentherapie/st_nebenwirkungen/st_nebenwirkungen_grad|code" : "at0023",
  "csv_export_test/strahlentherapie/strahlentherapie/st_nebenwirkungen/st_anmerkung" : "ST_Anmerkung 73",
  "csv_export_test/strahlentherapie/strahlentherapie/therapieansprechen/gesamtbeurteilung_tumorstatus_best_response|code" : "A.68",
  "csv_export_test/strahlentherapie/strahlentherapie/therapieansprechen/gesamtbeurteilung_tumorstatus_best_response|value" : "A.68 description",
  "csv_export_test/strahlentherapie/strahlentherapie/therapieansprechen/gesamtbeurteilung_tumorstatus_best_response|terminology" : "external_terminology",
  "csv_export_test/strahlentherapie/strahlentherapie/st_ende_grund:0" : "ST_Ende_Grund 95",
  "csv_export_test/strahlentherapie/strahlentherapie/st_intention:0" : "X = Fehlende Angabe",
  "csv_export_test/strahlentherapie/strahlentherapie/st_id/text_value" : "ST_ID 7",
  "csv_export_test/strahlentherapie/strahlentherapie/time" : "2020-07-16T12:52:19.197728+02:00",
  "csv_export_test/systemische_therapie/systemische_therapie/syst_therapieart" : "HO = Hormontherapie",
  "csv_export_test/systemische_therapie/systemische_therapie/syst_therapieart_anmerkung" : "SYST_Therapieart_Anmerkung 64",
  "csv_export_test/systemische_therapie/systemische_therapie/syst_protokoll:0" : "SYST_Protokoll 55",
  "csv_export_test/systemische_therapie/systemische_therapie/syst_stellung_op/syst_stellung_op|code" : "at0009",
  "csv_export_test/systemische_therapie/systemische_therapie/syst_stellung_st/syst_stellung_st|code" : "at0006",
  "csv_export_test/systemische_therapie/systemische_therapie/therapieansprechen/gesamtbeurteilung_tumorstatus_best_response|code" : "C.21",
  "csv_export_test/systemische_therapie/systemische_therapie/therapieansprechen/gesamtbeurteilung_tumorstatus_best_response|value" : "C.21 description",
  "csv_export_test/systemische_therapie/systemische_therapie/therapieansprechen/gesamtbeurteilung_tumorstatus_best_response|terminology" : "external_terminology",
  "csv_export_test/systemische_therapie/systemische_therapie/syst_nebenwirkungen/name_des_symptoms_krankheitsanzeichens" : "Name des Symptoms/Krankheitsanzeichens 17",
  "csv_export_test/systemische_therapie/systemische_therapie/syst_nebenwirkungen/st_nebenwirkungen_version" : "ST_Nebenwirkungen_Version 45",
  "csv_export_test/systemische_therapie/systemische_therapie/syst_ende_grund:0" : "R = reguläres Ende mit Dosisreduktion",
  "csv_export_test/systemische_therapie/systemische_therapie/syst_beginn_datum" : "2020-07-16T12:52:19.197799+02:00",
  "csv_export_test/systemische_therapie/systemische_therapie/syst_ende_datum" : "2020-07-16T12:52:19.197836+02:00",
  "csv_export_test/systemische_therapie/systemische_therapie/nummer_der_therapielinie" : "Nummer der Therapielinie 42",
  "csv_export_test/systemische_therapie/systemische_therapie/syst_intention:0" : "P = Palliativ",
  "csv_export_test/systemische_therapie/systemische_therapie/syst_anmerkung" : "SYST_Anmerkung 44",
  "csv_export_test/systemische_therapie/systemische_therapie/syst_id/text_value" : "SYST_ID 24",
  "csv_export_test/systemische_therapie/systemische_therapie/time" : "2020-07-16T12:52:19.197872+02:00",
  "csv_export_test/systemische_therapie/arzneimittelverwaltung/syst_substanz" : "SYST_Substanz 5",
  "csv_export_test/systemische_therapie/arzneimittelverwaltung/dosierung/dosierungsreihenfolge" : 222,
  "csv_export_test/systemische_therapie/arzneimittelverwaltung/dosierung/gesamtdosis/quantity_value|magnitude" : 2.83,
  "csv_export_test/systemische_therapie/arzneimittelverwaltung/dosierung/gesamtdosis/quantity_value|unit" : "1",
  "csv_export_test/systemische_therapie/arzneimittelverwaltung/dosierung/dosiseinheit" : "Dosiseinheit 36",
  "csv_export_test/systemische_therapie/arzneimittelverwaltung/therapeutische_anweisung/anzahl_zyklen" : 699,
  "csv_export_test/systemische_therapie/arzneimittelverwaltung/therapiebasket_basket-studie/therapiebasket_basket-studie" : "Therapiebasket Basket-Studie 99",
  "csv_export_test/systemische_therapie/arzneimittelverwaltung/time" : "2020-07-16T12:52:19.197941+02:00",
  "csv_export_test/allgemeinzustand_anamnese_medikation/größe_länge/any_event_en:0/körpergröße|magnitude" : 917.91,
  "csv_export_test/allgemeinzustand_anamnese_medikation/größe_länge/any_event_en:0/körpergröße|unit" : "cm",
  "csv_export_test/allgemeinzustand_anamnese_medikation/körpergewicht/any_event_en:0/gewicht|magnitude" : 960.05,
  "csv_export_test/allgemeinzustand_anamnese_medikation/körpergewicht/any_event_en:0/gewicht|unit" : "kg",
  "csv_export_test/allgemeinzustand_anamnese_medikation/schmerzskala_vas/beliebiges_ereignis:0/schmerzen_vas" : 5,
  "csv_export_test/allgemeinzustand_anamnese_medikation/verlauf_organfunktion/beliebiges_ereignis:0/aszites_im_ultraschall_score|code" : "at0018",
  "csv_export_test/allgemeinzustand_anamnese_medikation/verlauf_organfunktion/beliebiges_ereignis:0/aszites_im_ultraschall_score|value" : "Leicht",
  "csv_export_test/allgemeinzustand_anamnese_medikation/verlauf_organfunktion/beliebiges_ereignis:0/aszites_im_ultraschall_score|ordinal" : 0,
  "csv_export_test/allgemeinzustand_anamnese_medikation/verlauf_organfunktion/beliebiges_ereignis:0/enzephalopathie_grade|code" : "at0022",
  "csv_export_test/allgemeinzustand_anamnese_medikation/verlauf_organfunktion/beliebiges_ereignis:0/enzephalopathie_grade|value" : "Stadium I bis II oder medikamentös behandelt",
  "csv_export_test/allgemeinzustand_anamnese_medikation/verlauf_organfunktion/beliebiges_ereignis:0/enzephalopathie_grade|ordinal" : 0,
  "csv_export_test/allgemeinzustand_anamnese_medikation/verlauf_organfunktion/beliebiges_ereignis:0/leberfunktion_child_pugh_score" : 7,
  "csv_export_test/allgemeinzustand_anamnese_medikation/albi_score/albi_score|code" : "at0008",
  "csv_export_test/allgemeinzustand_anamnese_medikation/allg._anamnese:0/relevante_nebenerkrankungen_ne_symptome" : "nein",
  "csv_export_test/allgemeinzustand_anamnese_medikation/allg._anamnese:0/relevante_ne_diagnose" : "Relevante NE Diagnose 40",
  "csv_export_test/allgemeinzustand_anamnese_medikation/allg._anamnese:0/relevante_ne_beginn" : "2020-07-16T12:52:19.198055+02:00",
  "csv_export_test/allgemeinzustand_anamnese_medikation/allg._anamnese:0/relevante_ne_anmerkungen" : "Relevante NE Anmerkungen 86",
  "csv_export_test/allgemeinzustand_anamnese_medikation/allg._anamnese:0/falls_khk_schweregrad|code" : "at0049",
  "csv_export_test/allgemeinzustand_anamnese_medikation/allg._anamnese:0/diabetes_typ/falls_dm_typ|code" : "at0014",
  "csv_export_test/allgemeinzustand_anamnese_medikation/allg._anamnese:0/ätiopathogenese/falls_chr._lebererkr._genese:0|code" : "at0007",
  "csv_export_test/allgemeinzustand_anamnese_medikation/allg._anamnese:0/ätiopathogenese/falls_hepatitis_typ:0" : "TypD",
  "csv_export_test/allgemeinzustand_anamnese_medikation/nyha/beliebiges_ereignis:0/falls_nyha_schweregrad|code" : "at0009",
  "csv_export_test/allgemeinzustand_anamnese_medikation/allg._anamnese_2/name_des_problems_der_diagnose" : "PNP",
  "csv_export_test/allgemeinzustand_anamnese_medikation/allg._anamnese_2/falls_pnp_schweregrad|code" : "at0049",
  "csv_export_test/allgemeinzustand_anamnese_medikation/allg._anamnese_3/jedes_ereignis:0/labortest-bezeichnung" : "GFR",
  "csv_export_test/allgemeinzustand_anamnese_medikation/meformin/metformin" : "ja",
  "csv_export_test/allgemeinzustand_anamnese_medikation/meformin/meformin_beginn" : "2020-07-16T12:52:19.198112+02:00",
  "csv_export_test/allgemeinzustand_anamnese_medikation/meformin/time" : "2020-07-16T12:52:19.198148+02:00",
  "csv_export_test/allgemeinzustand_anamnese_medikation/statin/statin" : "ja",
  "csv_export_test/allgemeinzustand_anamnese_medikation/statin/statin_beginn" : "2020-07-16T12:52:19.198182+02:00",
  "csv_export_test/allgemeinzustand_anamnese_medikation/statin/time" : "2020-07-16T12:52:19.198218+02:00",
  "csv_export_test/allgemeinzustand_anamnese_medikation/aspirin/aspirin" : "ja",
  "csv_export_test/allgemeinzustand_anamnese_medikation/aspirin/aspirin_beginn" : "2020-07-16T12:52:19.198252+02:00",
  "csv_export_test/allgemeinzustand_anamnese_medikation/aspirin/time" : "2020-07-16T12:52:19.198284+02:00",
  "csv_export_test/allgemeinzustand_anamnese_medikation/antikoagulation/antikoagulation" : "nein",
  "csv_export_test/allgemeinzustand_anamnese_medikation/antikoagulation/antikoagulation_medikament" : "Antikoagulation Medikament 10",
  "csv_export_test/allgemeinzustand_anamnese_medikation/antikoagulation/time" : "2020-07-16T12:52:19.198318+02:00",
  "csv_export_test/allgemeinzustand_anamnese_medikation/weitere_medikamente/weitere_medikamente" : "nein",
  "csv_export_test/allgemeinzustand_anamnese_medikation/weitere_medikamente/weitere_medikamente_name" : "Weitere Medikamente_Name 23",
  "csv_export_test/allgemeinzustand_anamnese_medikation/weitere_medikamente/time" : "2020-07-16T12:52:19.198354+02:00",
  "csv_export_test/allgemeinzustand_anamnese_medikation/familienanamnese/pro_problem:0/familienanamnese_krebs" : "nein",
  "csv_export_test/allgemeinzustand_anamnese_medikation/familienanamnese/pro_familienmitglied:0/familienmitglieds_id" : "nein",
  "csv_export_test/allgemeinzustand_anamnese_medikation/familienanamnese/pro_familienmitglied:0/verwandtschaftsverhältnis" : "Verwandtschaftsverhältnis 78",
  "csv_export_test/allgemeinzustand_anamnese_medikation/familienanamnese/pro_familienmitglied:0/verstorben" : true,
  "csv_export_test/allgemeinzustand_anamnese_medikation/familienanamnese/pro_familienmitglied:0/klinische_anamnese:0/tumordiagnose" : "Tumordiagnose 26",
  "csv_export_test/allgemeinzustand_anamnese_medikation/familienanamnese/pro_familienmitglied:0/klinische_anamnese:0/alter_bei_erstdiagnose" : "P3DT9H33M",
  "csv_export_test/allgemeinzustand_anamnese_medikation/familienanamnese/pro_familienmitglied:0/klinische_anamnese:0/todesursache_wenn_verstorben|code" : "at0063",
  "csv_export_test/allgemeinzustand_anamnese_medikation/familienanamnese/pro_familienmitglied:0/variante_name" : "Variante Name 57",
  "csv_export_test/allgemeinzustand_anamnese_medikation/familienanamnese/pro_familienmitglied:0/biomarker/pathogene_keimbahnvariante" : "Pathogene Keimbahnvariante 55",
  "csv_export_test/tumorkonferenz/leistung/tumorkonferenz_id" : "ccd3c84f-726c-4490-9546-b3233cceb6d2",
  "csv_export_test/tumorkonferenz/leistung/tumorkonferenz_id|issuer" : "Issuer",
  "csv_export_test/tumorkonferenz/leistung/tumorkonferenz_id|assigner" : "Assigner",
  "csv_export_test/tumorkonferenz/leistung/tumorkonferenz_id|type" : "Prescription",
  "csv_export_test/tumorkonferenz/leistung/tumorkonferenz_datum" : "2020-07-16T12:52:19.198459+02:00",
  "csv_export_test/tumorkonferenz/leistung/tumorkonferenz_typ" : "Tumorboard",
  "csv_export_test/tumorkonferenz/leistung/fragestellung" : "Fragestellung 10",
  "csv_export_test/tumorkonferenz/leistung/tumorkonferenz_anmerkung" : "Tumorkonferenz_Anmerkung 97",
  "csv_export_test/tumorkonferenz/leistung/time" : "2020-07-16T12:52:19.198513+02:00",
  "csv_export_test/tumorkonferenz/tkonf_ergebnisbericht/empfehlung:0" : "Empfehlung 34",
  "csv_export_test/risiko_einflussfaktoren/einflussfaktor_name/gesundheitsrisiko" : "Krebs",
  "csv_export_test/risiko_einflussfaktoren/einflussfaktor_name/risikofaktoren:0/einflussfaktor_name" : "Einflussfaktor_Name 45",
  "csv_export_test/risiko_einflussfaktoren/ernährung/falls_ernährung_form" : "Falls Ernährung, Form 5",
  "csv_export_test/risiko_einflussfaktoren/ernährung/falls_ernährung_art:0" : "Falls Ernährung, Art 15",
  "csv_export_test/risiko_einflussfaktoren/alkohol_-_bier/pro_episode:0/pro_typ:0/typ|code" : "at0118",
  "csv_export_test/risiko_einflussfaktoren/alkohol_-_bier/pro_episode:0/pro_typ:0/falls_alkohol_genuss_bier|magnitude" : 85.2,
  "csv_export_test/risiko_einflussfaktoren/alkohol_-_bier/pro_episode:0/pro_typ:0/falls_alkohol_genuss_bier|unit" : "1/d",
  "csv_export_test/risiko_einflussfaktoren/alkohol_-_wein/pro_episode:0/pro_typ:0/typ|code" : "at0117",
  "csv_export_test/risiko_einflussfaktoren/alkohol_-_wein/pro_episode:0/pro_typ:0/falls_alkohol_genuss_wein|magnitude" : 19.9,
  "csv_export_test/risiko_einflussfaktoren/alkohol_-_wein/pro_episode:0/pro_typ:0/falls_alkohol_genuss_wein|unit" : "1/d",
  "csv_export_test/risiko_einflussfaktoren/alkohol_-_schnaps/pro_episode:0/pro_typ:0/typ|code" : "at0116",
  "csv_export_test/risiko_einflussfaktoren/alkohol_-_schnaps/pro_episode:0/pro_typ:0/falls_alkohol_genuss_schnaps|magnitude" : 70.0,
  "csv_export_test/risiko_einflussfaktoren/alkohol_-_schnaps/pro_episode:0/pro_typ:0/falls_alkohol_genuss_schnaps|unit" : "1/d",
  "csv_export_test/risiko_einflussfaktoren/zusammenfassung_der_körperlichen_aktivität/falls_körperliche_aktivität|code" : "at0012",
  "csv_export_test/risiko_einflussfaktoren/zusammenfassung_rauchverhalten/falls_rauchen" : "Ex-Raucher(> 6 M)",
  "csv_export_test/risiko_einflussfaktoren/zusammenfassung_rauchverhalten/falls_raucher" : 991,
  "csv_export_test/lokale_interv._therapie/lokale_interv._therapie/name_der_prozedur" : "LOKALE INTERV. Therapie",
  "csv_export_test/lokale_interv._therapie/lokale_interv._therapie/lit_art_methode:0" : "transarterielle Chemoembolisation (cTACE)",
  "csv_export_test/lokale_interv._therapie/lokale_interv._therapie/lit_intention:0" : "L= lokal kurativ",
  "csv_export_test/lokale_interv._therapie/lokale_interv._therapie/lit_lokalisation:0" : "KID=Nieren",
  "csv_export_test/lokale_interv._therapie/lokale_interv._therapie/lit_therapie_datum" : "2020-07-16T12:52:19.198645+02:00",
  "csv_export_test/lokale_interv._therapie/lokale_interv._therapie/lit_komplikation:0" : "Tumor-Perfusion",
  "csv_export_test/lokale_interv._therapie/lokale_interv._therapie/lit_anmerkungen" : "LIT_Anmerkungen 82",
  "csv_export_test/lokale_interv._therapie/lokale_interv._therapie/therapieansprechen/gesamtbeurteilung_tumorstatus_best_response|code" : "I.2",
  "csv_export_test/lokale_interv._therapie/lokale_interv._therapie/therapieansprechen/gesamtbeurteilung_tumorstatus_best_response|value" : "I.2 description",
  "csv_export_test/lokale_interv._therapie/lokale_interv._therapie/therapieansprechen/gesamtbeurteilung_tumorstatus_best_response|terminology" : "external_terminology",
  "csv_export_test/lokale_interv._therapie/lokale_interv._therapie/lit_id/text_value" : "LIT_ID 85",
  "csv_export_test/lokale_interv._therapie/lokale_interv._therapie/time" : "2020-07-16T12:52:19.19871+02:00",
  "csv_export_test/lokale_interv._therapie/bildgebende_untersuchung/lit_bildgebende_steuerung" : "MRT",
  "csv_export_test/lokale_interv._therapie/bildgebende_untersuchung/läsionen_details/lit_zahl_der_läsionen" : 6,
  "csv_export_test/lokale_interv._therapie/bildgebende_untersuchung/läsionen_details/lit_zahl_der_läsionen_die_behandelt_werden" : 2,
  "csv_export_test/lokale_interv._therapie/bildgebende_untersuchung/falls_lokalablative_verfahren/ergebnis_der_bildgebung/falls_lokalablative_verfahren_ablationsausmaß" : "100% + Sicherheitsabstand",
  "csv_export_test/lokale_interv._therapie/bildgebende_untersuchung/falls_lokoregionäre_therapieverfahren_tace_-_devaskularisation/ergebnis_der_bildgebung/falls_lokoregionäre_therapieverfahren_tace_-_devaskularisation_vollständig" : "vollständig",
  "csv_export_test/lokale_interv._therapie/bildgebende_untersuchung/falls_lokoregionäre_therapieverfahren_tare_-_dosimetrie/ergebnis_der_bildgebung/falls_lokoregionäre_therapieverfahren_tare_-_dosimetrie_läsion_vollständig_erfasst" : "Läsion nicht vollständig erfasst",
  "csv_export_test/lokale_interv._therapie/bildgebende_untersuchung/time" : "2020-07-16T12:52:19.198758+02:00",
  "csv_export_test/klinische_studien/einwilligungserklärung/studienrekrutierung:0" : "nein",
  "csv_export_test/klinische_studien/einwilligungserklärung/studie_prüfung/studienrekrutierung_datum" : "2020-07-16",
  "csv_export_test/klinische_studien/einwilligungserklärung/studie_prüfung/studie_art" : "AMG (Phase ...)",
  "csv_export_test/klinische_studien/einwilligungserklärung/studie_prüfung/studie_titel" : "Studie Titel 27",
  "csv_export_test/klinische_studien/einwilligungserklärung/studie_prüfung/studie_protokollnummer" : "Studie_Protokollnummer 24",
  "csv_export_test/klinische_studien/einwilligungserklärung/time" : "2020-07-16T12:52:19.19881+02:00",
  "csv_export_test/verlauf/verlauf/beliebiges_ereignis:0/kontaktaufnahme_erfolgreich" : true,
  "csv_export_test/verlauf/verlauf/beliebiges_ereignis:0/details_zur_kommunikationsart:0" : "Details zur Kommunikationsart 26",
  "csv_export_test/verlauf/verlauf/beliebiges_ereignis:0/details_zum_teilnehmer:0" : "Details zum Teilnehmer 79",
  "csv_export_test/verlauf/verlauf/beliebiges_ereignis:0/kommentar:0" : "Kommentar 94",
  "csv_export_test/verlauf/verlauf/beliebiges_ereignis:0/tumorstatus/verlauf_lokaler_tumorstatus|code" : "at0007",
  "csv_export_test/verlauf/verlauf_-_ecog_performance_status/beliebiges_ereignis:0/ecog-status|code" : "at0005",
  "csv_export_test/verlauf/verlauf_-_ecog_performance_status/beliebiges_ereignis:0/ecog-status|value" : "Asymptomatisch",
  "csv_export_test/verlauf/verlauf_-_ecog_performance_status/beliebiges_ereignis:0/ecog-status|ordinal" : 0,
  "csv_export_test/verlauf/verlauf_-_karnofsky_index/karnofsky_index|code" : "at0010",
  "csv_export_test/verlauf/verlauf_-_karnofsky_index/karnofsky_index|value" : "Stark behindert",
  "csv_export_test/verlauf/verlauf_-_karnofsky_index/karnofsky_index|ordinal" : 0,
  "csv_export_test/verlauf/verlauf_-_schmerzskala_vas/beliebiges_ereignis:0/schmerzen_vas" : 4,
  "csv_export_test/verlauf/verlauf_-_schmerzskala_vas/beliebiges_ereignis:0/einflussfaktoren" : "Einflussfaktoren 82",
  "csv_export_test/verlauf/verlauf_tod/beliebiges_ereignis:0/angaben_zum_tod/sterbedatum" : "2020-07-16T12:52:19.198883+02:00",
  "csv_export_test/verlauf/verlauf_tod/beliebiges_ereignis:0/angaben_zum_tod/tod_tumorbedingt" : true,
  "csv_export_test/verlauf/verlauf_tod/beliebiges_ereignis:0/angaben_zum_tod/todesursache_icd10_icd-0" : "Todesursache_ICD10/ICD-0 24",
  "csv_export_test/verlauf/verlauf_tod/beliebiges_ereignis:0/angaben_zum_tod/verlauf_anmerkung" : "Verlauf_Anmerkung 53"
}